{
  "LatSensitive-0": {
    "latencies": {}, 
    "throughput": [
      0
    ]
  }, 
  "LatSensitive-1": {
    "latencies": {}, 
    "throughput": [
      0
    ]
  }, 
  "IndexServe-0": {
    "p99": 9.0, 
    "dropped": 0.0, 
    "qps": 500
  }, 
  "IndexServe-1": {}, 
  "affinity": {
    "freq": 533.5, 
    "changes": 32002, 
    "shrinks": 30735, 
    "grows": 1267, 
    "counts": 60, 
    "ipi-failures": 0, 
    "percentiles": []
  }, 
  "bully": {
    "log": {
      "progress": [
        0, 
        0, 
        0, 
        0, 
        0, 
        0, 
        0, 
        0, 
        1, 
        8, 
        12, 
        12, 
        12, 
        12, 
        12, 
        12, 
        12, 
        16, 
        20, 
        24, 
        24, 
        24, 
        24, 
        24, 
        24, 
        25, 
        25, 
        30, 
        36, 
        36, 
        36, 
        36, 
        36, 
        37, 
        37, 
        40, 
        44, 
        46, 
        48, 
        48, 
        48, 
        49, 
        50, 
        51, 
        58, 
        60, 
        60, 
        60, 
        61, 
        61, 
        65, 
        65, 
        69, 
        70
      ], 
      "sec": [
        0, 
        1.0781655, 
        2.2090429, 
        3.3604532, 
        4.5411564, 
        5.7106875, 
        6.7672971, 
        7.9306149, 
        9.1300704, 
        10.3139157, 
        11.4743567, 
        12.6601664, 
        13.7960291, 
        14.9233069, 
        16.0188985, 
        17.2019112, 
        18.3309035, 
        19.4431519, 
        20.592249, 
        21.7484132, 
        22.8154504, 
        23.9201412, 
        25.0965299, 
        26.2712567, 
        27.4511975, 
        28.6267867, 
        29.7270004, 
        30.9041705, 
        32.0650581, 
        33.2478358, 
        34.3319729, 
        35.4977646, 
        36.5982228, 
        37.690754, 
        38.7633107, 
        39.8764713, 
        41.0360767, 
        42.1885602, 
        43.3582084, 
        44.4365571, 
        45.5641689, 
        46.7398337, 
        47.8278013, 
        49.0834701, 
        50.250042, 
        51.4559914, 
        52.613942, 
        53.7192253, 
        54.8320649, 
        55.9401896, 
        57.09801, 
        58.1760854, 
        59.2268519, 
        60.2357795
      ], 
      "rate": [
        0, 
        0.0, 
        0.0, 
        0.0, 
        0.0, 
        0.0, 
        0.0, 
        0.0, 
        0.10952818063703, 
        0.77565109437534, 
        1.04581026315837, 
        0.947854840201784, 
        0.869815503650974, 
        0.804111319321591, 
        0.749115177925623, 
        0.697596904232362, 
        0.654632217119031, 
        0.822911844864001, 
        0.971239226953792, 
        1.10352878526329, 
        1.05191874713111, 
        1.00333855888777, 
        0.956307509270435, 
        0.91354594392129, 
        0.874278799677136, 
        0.87330793574537, 
        0.840986297426766, 
        0.970742767549771, 
        1.12271744176256, 
        1.08277724350407, 
        1.04858523874694, 
        1.01414836696506, 
        0.983654321050803, 
        0.981673118027833, 
        0.95451083335872, 
        1.00309778413117, 
        1.07222725802148, 
        1.09034296932466, 
        1.10705681279949, 
        1.08019169648947, 
        1.05345935542786, 
        1.04835631882019, 
        1.04541707209944, 
        1.03904634077614, 
        1.1542278909936, 
        1.1660449710041, 
        1.14038214433733, 
        1.11691856434869, 
        1.11248774072705, 
        1.09045036200592, 
        1.13839343963126, 
        1.11729758977561, 
        1.16501211505385, 
        1.16210001067555
      ]
    }, 
    "progress": 70, 
    "harvested_cores": -8.333333333333334
  }
}