{
  "LatSensitive-0": {
    "latencies": {}, 
    "throughput": [
      0
    ]
  }, 
  "LatSensitive-1": {
    "latencies": {}, 
    "throughput": [
      0
    ]
  }, 
  "IndexServe-0": {
    "p99": 9.0, 
    "dropped": 0.0, 
    "qps": 500
  }, 
  "IndexServe-1": {}, 
  "affinity": {
    "freq": 547.0, 
    "changes": 32820, 
    "shrinks": 31611, 
    "grows": 1209, 
    "counts": 61, 
    "ipi-failures": 0, 
    "percentiles": []
  }, 
  "bully": {
    "log": {
      "progress": [
        0, 
        0, 
        0, 
        0, 
        0, 
        0, 
        0, 
        0, 
        1, 
        9, 
        12, 
        12, 
        12, 
        12, 
        12, 
        12, 
        13, 
        17, 
        19, 
        23, 
        24, 
        24, 
        24, 
        24, 
        24, 
        25, 
        27, 
        31, 
        35, 
        36, 
        36, 
        36, 
        36, 
        38, 
        40, 
        41, 
        47, 
        48, 
        48, 
        48, 
        48, 
        50, 
        52, 
        56, 
        60, 
        60, 
        60, 
        60, 
        61, 
        62, 
        68, 
        70, 
        70
      ], 
      "sec": [
        0, 
        1.2071401, 
        2.3594752, 
        3.5028221, 
        4.7099428, 
        5.7557099, 
        6.9247736, 
        8.2389422, 
        9.4071665, 
        10.5817534, 
        11.6435527, 
        12.7551337, 
        13.9372907, 
        15.1124317, 
        16.3119508, 
        17.4715465, 
        18.6569664, 
        19.8481453, 
        21.0369727, 
        22.0794764, 
        23.21976, 
        24.4048628, 
        25.5790906, 
        26.7484531, 
        27.9369252, 
        29.1158623, 
        30.2803007, 
        31.467973, 
        32.6286074, 
        33.8171197, 
        34.9883606, 
        36.1764409, 
        37.3616954, 
        38.7187825, 
        39.8907568, 
        41.0627258, 
        42.2251667, 
        43.4065879, 
        44.5784444, 
        45.7659281, 
        46.9282063, 
        48.2815246, 
        49.4539472, 
        50.6565007, 
        51.8439895, 
        52.9700855, 
        54.1440572, 
        55.3127156, 
        56.500207, 
        57.6582265, 
        59.0199097, 
        60.1780566, 
        61.2042276
      ], 
      "rate": [
        0, 
        0.0, 
        0.0, 
        0.0, 
        0.0, 
        0.0, 
        0.0, 
        0.0, 
        0.106301934806831, 
        0.850520670799227, 
        1.03061327665052, 
        0.940797664864932, 
        0.860999476749093, 
        0.794048253663902, 
        0.735656951589138, 
        0.686831014071937, 
        0.696790663674026, 
        0.856503201838209, 
        0.903171776231853, 
        1.04169136909424, 
        1.03360241449524, 
        0.983410568487195, 
        0.938266351032824, 
        0.897248147781675, 
        0.859078077783592, 
        0.85863848861519, 
        0.891668820184471, 
        0.985128594078812, 
        1.07267832705603, 
        1.06454956304277, 
        1.02891359819814, 
        0.995122767867416, 
        0.963553704257222, 
        0.981435818649515, 
        1.00273855922433, 
        0.998472439450184, 
        1.11308027115497, 
        1.10582292509566, 
        1.0767535890059, 
        1.04881517742016, 
        1.02283900844512, 
        1.0355928155591, 
        1.05148330809072, 
        1.10548496690771, 
        1.15731834256312, 
        1.1327148037169, 
        1.10815485766737, 
        1.0847415345487, 
        1.07964206219634, 
        1.07530189122276, 
        1.15215357572802, 
        1.16321469909349, 
        1.14371184385309
      ]
    }, 
    "progress": 70, 
    "harvested_cores": -8.333333333333334
  }
}