{
  "LatSensitive-0": {
    "latencies": {}, 
    "throughput": [
      0
    ]
  }, 
  "LatSensitive-1": {
    "latencies": {}, 
    "throughput": [
      0
    ]
  }, 
  "IndexServe-0": {
    "p99": 9.1, 
    "dropped": 0.0, 
    "qps": 500
  }, 
  "IndexServe-1": {}, 
  "affinity": {
    "freq": 528.8, 
    "changes": 31727, 
    "shrinks": 30463, 
    "grows": 1264, 
    "counts": 60, 
    "ipi-failures": 0, 
    "percentiles": []
  }, 
  "bully": {
    "log": {
      "progress": [
        0, 
        0, 
        0, 
        0, 
        0, 
        0, 
        0, 
        0, 
        2, 
        5, 
        12, 
        12, 
        12, 
        12, 
        12, 
        12, 
        13, 
        14, 
        18, 
        22, 
        24, 
        24, 
        24, 
        24, 
        24, 
        25, 
        27, 
        28, 
        32, 
        34, 
        36, 
        36, 
        36, 
        36, 
        37, 
        39, 
        42, 
        46, 
        47, 
        48, 
        48, 
        48, 
        48, 
        50, 
        53, 
        58, 
        59, 
        60, 
        60, 
        60, 
        60, 
        62, 
        64, 
        68, 
        71
      ], 
      "sec": [
        0, 
        1.0469038, 
        2.3488403, 
        3.5211465, 
        4.6923511, 
        5.7236432, 
        6.8621464, 
        8.0484269, 
        9.2229632, 
        10.2814062, 
        11.4746017, 
        12.6724951, 
        13.8751923, 
        14.9293676, 
        16.0784351, 
        17.2035093, 
        18.2865564, 
        19.3959779, 
        20.5216214, 
        21.5804342, 
        22.7194354, 
        23.7840215, 
        24.8941544, 
        26.0674525, 
        27.1640352, 
        28.3972109, 
        29.5377467, 
        30.6179786, 
        31.7093837, 
        32.851535, 
        33.969936, 
        35.067872, 
        36.2084573, 
        37.3819967, 
        38.4701636, 
        39.5795858, 
        40.6609719, 
        41.7984206, 
        42.8989271, 
        43.9870824, 
        45.1427061, 
        46.2204362, 
        47.282832, 
        48.4389089, 
        49.6106226, 
        50.6740148, 
        51.784078, 
        52.8975546, 
        53.9555645, 
        55.1282718, 
        56.2227875, 
        57.2869591, 
        58.3136659, 
        59.3475823, 
        60.3606641
      ], 
      "rate": [
        0, 
        0.0, 
        0.0, 
        0.0, 
        0.0, 
        0.0, 
        0.0, 
        0.0, 
        0.216850046631434, 
        0.486314800012473, 
        1.04578793353673, 
        0.946932699938468, 
        0.864852878471457, 
        0.803784883694605, 
        0.746341290390879, 
        0.697532101778792, 
        0.710904760614196, 
        0.72179913135496, 
        0.877123676007394, 
        1.01944195358219, 
        1.05636427919331, 
        1.00908082344275, 
        0.964081752461534, 
        0.920688356485928, 
        0.883521164042668, 
        0.880368149112841, 
        0.914084621085873, 
        0.914495380828309, 
        1.00916499364193, 
        1.03495924924056, 
        1.05976060714392, 
        1.02658068331035, 
        0.994242856074401, 
        0.963030420469755, 
        0.961784316404623, 
        0.985356446049519, 
        1.03293153206699, 
        1.10052005170741, 
        1.09559849574886, 
        1.09122945603685, 
        1.06329469690343, 
        1.03850166606606, 
        1.01516761940148, 
        1.03222804013242, 
        1.06831959008714, 
        1.14457084620025, 
        1.13934634502906, 
        1.13426793457102, 
        1.11202617479797, 
        1.0883707767527, 
        1.06718294606079, 
        1.08227074667679, 
        1.09751289019887, 
        1.14579225243351, 
        1.17626273763943
      ]
    }, 
    "progress": 71, 
    "harvested_cores": -8.285714285714285
  }
}