{
  "LatSensitive-0": {
    "latencies": {}, 
    "throughput": [
      0
    ]
  }, 
  "LatSensitive-1": {
    "latencies": {}, 
    "throughput": [
      0
    ]
  }, 
  "IndexServe-0": {
    "p99": 9.9, 
    "dropped": 0.0, 
    "qps": 500
  }, 
  "IndexServe-1": {}, 
  "affinity": {
    "freq": 531.0, 
    "changes": 31851, 
    "shrinks": 30591, 
    "grows": 1260, 
    "counts": 60, 
    "ipi-failures": 0, 
    "percentiles": []
  }, 
  "bully": {
    "log": {
      "progress": [
        0, 
        0, 
        0, 
        0, 
        0, 
        11, 
        12, 
        12, 
        12, 
        18, 
        23, 
        24, 
        24, 
        25, 
        34, 
        36, 
        36, 
        36, 
        41, 
        47, 
        48, 
        48, 
        49, 
        56, 
        60, 
        60, 
        60, 
        64, 
        70, 
        72, 
        72, 
        73, 
        79, 
        84, 
        84, 
        84, 
        86, 
        92, 
        96, 
        96, 
        98, 
        99, 
        108, 
        108, 
        109, 
        111, 
        114, 
        120, 
        120, 
        122, 
        124, 
        130, 
        132, 
        132
      ], 
      "sec": [
        0, 
        1.1719536, 
        2.390773, 
        3.5627097, 
        4.7686346, 
        5.9580652, 
        7.1253715, 
        8.3138211, 
        9.502623, 
        10.6958182, 
        11.8775161, 
        13.0833847, 
        14.2667211, 
        15.4850641, 
        16.6726254, 
        17.8758128, 
        19.0817584, 
        20.2509187, 
        21.4261409, 
        22.612248, 
        23.782302, 
        24.9552098, 
        26.1310256, 
        27.3158326, 
        28.501192, 
        29.7043462, 
        30.9074972, 
        32.1106476, 
        33.2044219, 
        34.3763166, 
        35.6263386, 
        36.7513556, 
        37.8619372, 
        38.985763, 
        40.1122845, 
        41.1577851, 
        42.3608055, 
        43.4701924, 
        44.5369664, 
        45.6733407, 
        46.7366949, 
        47.8766179, 
        48.8960589, 
        50.0497742, 
        51.1293768, 
        52.221426, 
        53.3783632, 
        54.4551038, 
        55.6114041, 
        56.6632299, 
        57.8458676, 
        59.0177826, 
        60.0646919, 
        61.0762164
      ], 
      "rate": [
        0, 
        0.0, 
        0.0, 
        0.0, 
        0.0, 
        1.84623692939782, 
        1.68412271556648, 
        1.44337962720896, 
        1.26280922646305, 
        1.68290070599742, 
        1.93643181001455, 
        1.83438770244217, 
        1.6822365722142, 
        1.61445892884615, 
        2.03927091170656, 
        2.01389443953004, 
        1.88661858332721, 
        1.77769712739008, 
        1.91355037714701, 
        2.0785195704558, 
        2.01830756333008, 
        1.92344606135109, 
        1.87516558860208, 
        2.05009310241563, 
        2.10517510986909, 
        2.01990643375952, 
        1.94127656509179, 
        1.99310835450108, 
        2.10815295055626, 
        2.09446523424211, 
        2.02097669391151, 
        1.98632128824113, 
        2.0865282085989, 
        2.15463270527757, 
        2.09412156517787, 
        2.04092615275354, 
        2.03017858099984, 
        2.11639274916115, 
        2.15551277421535, 
        2.10188259778423, 
        2.09685345122682, 
        2.06781523721624, 
        2.20876697283265, 
        2.15785189296618, 
        2.13184683291505, 
        2.12556432296583, 
        2.1356968098265, 
        2.20365019302378, 
        2.15783078924274, 
        2.15307175773967, 
        2.14362762881268, 
        2.2027259289135, 
        2.19763051843774, 
        2.16123407408714
      ]
    }, 
    "progress": 132, 
    "harvested_cores": -5.56
  }
}