{
  "LatSensitive-0": {
    "latencies": {}, 
    "throughput": [
      0
    ]
  }, 
  "LatSensitive-1": {
    "latencies": {}, 
    "throughput": [
      0
    ]
  }, 
  "IndexServe-0": {
    "p99": 9.2, 
    "dropped": 0.0, 
    "qps": 500
  }, 
  "IndexServe-1": {}, 
  "affinity": {
    "freq": 534.8, 
    "changes": 32084, 
    "shrinks": 30831, 
    "grows": 1253, 
    "counts": 60, 
    "ipi-failures": 0, 
    "percentiles": []
  }, 
  "bully": {
    "log": {
      "progress": [
        0, 
        0, 
        0, 
        0, 
        0, 
        0, 
        5, 
        12, 
        12, 
        12, 
        12, 
        13, 
        16, 
        23, 
        24, 
        24, 
        24, 
        26, 
        27, 
        33, 
        36, 
        36, 
        36, 
        37, 
        39, 
        43, 
        47, 
        48, 
        48, 
        49, 
        51, 
        52, 
        59, 
        59, 
        60, 
        61, 
        63, 
        65, 
        69, 
        71, 
        71, 
        73, 
        75, 
        80, 
        82, 
        83, 
        83, 
        86, 
        87, 
        91, 
        94, 
        95, 
        96, 
        98, 
        99
      ], 
      "sec": [
        0, 
        1.1875485, 
        2.5313518, 
        3.7218205, 
        4.7453017, 
        5.9103197, 
        7.0627529, 
        8.254915, 
        9.4065639, 
        10.5692398, 
        11.7659935, 
        12.9562266, 
        14.1151593, 
        15.287509, 
        16.5004501, 
        17.6256359, 
        18.6916897, 
        19.8174927, 
        20.8755098, 
        22.0342602, 
        23.141155, 
        24.2387771, 
        25.3313895, 
        26.3961164, 
        27.5046457, 
        28.658691, 
        29.6882497, 
        30.8194542, 
        31.8915099, 
        33.016573, 
        34.1416315, 
        35.3291893, 
        36.407946, 
        37.5011603, 
        38.6887054, 
        39.8627198, 
        40.9856572, 
        42.0796187, 
        43.2244762, 
        44.3920592, 
        45.5018283, 
        46.5797011, 
        47.7075288, 
        48.8185742, 
        49.8923799, 
        51.0643094, 
        52.189357, 
        53.3053621, 
        54.3769631, 
        55.5019802, 
        56.5801399, 
        57.6739236, 
        58.7364535, 
        59.8348771, 
        60.8362738
      ], 
      "rate": [
        0, 
        0.0, 
        0.0, 
        0.0, 
        0.0, 
        0.0, 
        0.707939251279767, 
        1.45367941402183, 
        1.27570493620949, 
        1.13537020893404, 
        1.01988837576699, 
        1.00337856085351, 
        1.13353308028199, 
        1.50449625246337, 
        1.45450577739088, 
        1.3616529999919, 
        1.28399306778563, 
        1.31197222542688, 
        1.29338158726069, 
        1.49766770930662, 
        1.55566997412186, 
        1.48522344388406, 
        1.42116167768847, 
        1.40172135322149, 
        1.41794227874748, 
        1.50041744753799, 
        1.58311791617678, 
        1.55745782155999, 
        1.50510277345006, 
        1.4841031502573, 
        1.49377747223357, 
        1.47187074003988, 
        1.62052536553422, 
        1.57328465380843, 
        1.55084020981483, 
        1.53025183193847, 
        1.537123089001, 
        1.54469080300863, 
        1.59631778256228, 
        1.59938514408901, 
        1.56037686072496, 
        1.56720627818713, 
        1.57207891262647, 
        1.63872053436579, 
        1.64353755351727, 
        1.62540140021947, 
        1.59036257143387, 
        1.6133461365231, 
        1.5999422373038, 
        1.63958114056622, 
        1.66136033184322, 
        1.64719155677489, 
        1.63441941553383, 
        1.6378407502403, 
        1.62731860148871
      ]
    }, 
    "progress": 99, 
    "harvested_cores": -7.0
  }
}