{
  "LatSensitive-0": {
    "latencies": {}, 
    "throughput": [
      0
    ]
  }, 
  "LatSensitive-1": {
    "latencies": {}, 
    "throughput": [
      0
    ]
  }, 
  "IndexServe-0": {
    "p99": 12.1, 
    "dropped": 0.0, 
    "qps": 500
  }, 
  "IndexServe-1": {}, 
  "affinity": {
    "freq": 521.9, 
    "changes": 31314, 
    "shrinks": 30057, 
    "grows": 1257, 
    "counts": 60, 
    "ipi-failures": 0, 
    "percentiles": []
  }, 
  "bully": {
    "log": {
      "progress": [
        0, 
        0, 
        0, 
        0, 
        4, 
        12, 
        12, 
        12, 
        21, 
        24, 
        24, 
        24, 
        25, 
        36, 
        36, 
        36, 
        38, 
        47, 
        48, 
        48, 
        48, 
        56, 
        60, 
        60, 
        60, 
        66, 
        71, 
        72, 
        72, 
        75, 
        82, 
        84, 
        84, 
        85, 
        93, 
        96, 
        96, 
        98, 
        104, 
        108, 
        108, 
        109, 
        118, 
        120, 
        120, 
        122, 
        130, 
        131, 
        132, 
        134, 
        142, 
        142, 
        144, 
        144
      ], 
      "sec": [
        0, 
        1.0313175, 
        2.3907609, 
        3.5626934, 
        4.7503507, 
        6.1565483, 
        7.3597167, 
        8.5647175, 
        9.8453167, 
        10.9271361, 
        12.0647294, 
        13.2064711, 
        14.4065096, 
        15.4843081, 
        16.6403291, 
        17.7651227, 
        18.9367946, 
        20.0929246, 
        21.186453, 
        22.3894069, 
        23.5455084, 
        24.6703732, 
        25.8592778, 
        26.9401948, 
        28.0606471, 
        29.267543, 
        30.3416949, 
        31.4509823, 
        32.5455779, 
        33.6851983, 
        34.8290711, 
        35.9819319, 
        37.0287475, 
        38.1849365, 
        39.2786329, 
        40.3723323, 
        41.5754058, 
        42.7176515, 
        43.8721914, 
        44.9815335, 
        46.0910106, 
        47.2473532, 
        48.4661996, 
        49.6537816, 
        50.7959138, 
        51.9039238, 
        53.0289879, 
        54.1852977, 
        55.235078, 
        56.4354049, 
        57.6385767, 
        58.6698662, 
        59.7949062, 
        60.807663
      ], 
      "rate": [
        0, 
        0.0, 
        0.0, 
        0.0, 
        0.842043093786739, 
        1.94914413324752, 
        1.63049754347202, 
        1.40109700057241, 
        2.13299385280313, 
        2.19636689617145, 
        1.98926964744025, 
        1.81729091884357, 
        1.7353266470596, 
        2.32493436371238, 
        2.16341875113516, 
        2.02644251930779, 
        2.00667540640695, 
        2.33913185539949, 
        2.26559868232781, 
        2.14387099284885, 
        2.03860537579218, 
        2.26992917966883, 
        2.32025041318053, 
        2.22715538790388, 
        2.13822581447168, 
        2.25505776142534, 
        2.34001430157417, 
        2.28927666911059, 
        2.21228211774971, 
        2.22649720901302, 
        2.35435506633423, 
        2.3345050019396, 
        2.26850773172925, 
        2.22600867753178, 
        2.36769951328932, 
        2.37786609122902, 
        2.30905743799138, 
        2.2941336089134, 
        2.3705221162032, 
        2.40098528432785, 
        2.34319010570794, 
        2.3070075383609, 
        2.43468646136637, 
        2.41673435805341, 
        2.36239474837443, 
        2.35049666900135, 
        2.45148936738429, 
        2.41762997640594, 
        2.38978570827763, 
        2.37439600614968, 
        2.46362780155187, 
        2.42032254711363, 
        2.40823189049505, 
        2.36812258349741
      ]
    }, 
    "progress": 144, 
    "harvested_cores": -5.08
  }
}