{
  "LatSensitive-0": {
    "latencies": {}, 
    "throughput": [
      0
    ]
  }, 
  "LatSensitive-1": {
    "latencies": {}, 
    "throughput": [
      0
    ]
  }, 
  "IndexServe-0": {
    "p99": 9.1, 
    "dropped": 0.0, 
    "qps": 500
  }, 
  "IndexServe-1": {}, 
  "affinity": {
    "freq": 523.4, 
    "changes": 31402, 
    "shrinks": 30138, 
    "grows": 1264, 
    "counts": 60, 
    "ipi-failures": 0, 
    "percentiles": []
  }, 
  "bully": {
    "log": {
      "progress": [
        0, 
        0, 
        0, 
        0, 
        0, 
        0, 
        0, 
        0, 
        10, 
        12, 
        12, 
        12, 
        12, 
        12, 
        12, 
        15, 
        23, 
        24, 
        24, 
        24, 
        24, 
        24, 
        25, 
        34, 
        35, 
        36, 
        36, 
        36, 
        36, 
        37, 
        40, 
        47, 
        48, 
        48, 
        48, 
        48, 
        48, 
        54, 
        57, 
        60, 
        60, 
        60, 
        60, 
        62, 
        66, 
        71, 
        72, 
        72, 
        72, 
        74, 
        77, 
        79, 
        81, 
        82, 
        84
      ], 
      "sec": [
        0, 
        1.0625592, 
        2.344203, 
        3.378247, 
        4.5163078, 
        5.5709336, 
        6.7069777, 
        7.8644023, 
        8.9114928, 
        10.0317724, 
        11.0526503, 
        12.2037263, 
        13.2818875, 
        14.3756705, 
        15.4088513, 
        16.5374225, 
        17.6726344, 
        18.8513573, 
        19.9851867, 
        21.1893311, 
        22.2228058, 
        23.440807, 
        24.5486594, 
        25.6925117, 
        26.725227, 
        27.8836741, 
        28.9861279, 
        30.0677547, 
        31.1582957, 
        32.3468436, 
        33.391689, 
        34.5822058, 
        35.7199396, 
        36.880212, 
        38.0794231, 
        39.2380606, 
        40.2826423, 
        41.4251066, 
        42.5541613, 
        43.6116784, 
        44.7515374, 
        45.9080057, 
        47.0501744, 
        48.2229997, 
        49.4079534, 
        50.5330252, 
        51.6647186, 
        52.7362786, 
        53.850952, 
        54.9407913, 
        56.0347485, 
        57.14274, 
        58.2384061, 
        59.2719723, 
        60.289492
      ], 
      "rate": [
        0, 
        0.0, 
        0.0, 
        0.0, 
        0.0, 
        0.0, 
        0.0, 
        0.0, 
        1.12214644890921, 
        1.19619938745819, 
        1.0857124467242, 
        0.983306221805384, 
        0.903486044434573, 
        0.834743673347271, 
        0.77877317175486, 
        0.907033729107423, 
        1.30144716851043, 
        1.27311787783047, 
        1.20088945678951, 
        1.13264547553368, 
        1.07997163886479, 
        1.0238555353491, 
        1.01838554980318, 
        1.32334278551676, 
        1.30962404921762, 
        1.29107806492402, 
        1.24197340618234, 
        1.19729591913958, 
        1.15539053697343, 
        1.14385194603655, 
        1.19790286738715, 
        1.359080455186, 
        1.34378726665036, 
        1.3015109566073, 
        1.26052329821142, 
        1.22330205076446, 
        1.19158022560998, 
        1.30355729730337, 
        1.33946947275401, 
        1.37577828236026, 
        1.34073606150568, 
        1.30696158731199, 
        1.27523438042772, 
        1.28569355671999, 
        1.33581732207511, 
        1.40502175990841, 
        1.3936009321456, 
        1.3652840494513, 
        1.33702371686948, 
        1.3469045175547, 
        1.37414732931299, 
        1.38250283413081, 
        1.3908347673684, 
        1.383453204239, 
        1.39327762124783
      ]
    }, 
    "progress": 84, 
    "harvested_cores": -7.681818181818182
  }
}