{
  "LatSensitive-0": {
    "latencies": {}, 
    "throughput": [
      0
    ]
  }, 
  "LatSensitive-1": {
    "latencies": {}, 
    "throughput": [
      0
    ]
  }, 
  "IndexServe-0": {
    "p99": 9.4, 
    "dropped": 0.0, 
    "qps": 500
  }, 
  "IndexServe-1": {}, 
  "affinity": {
    "freq": 531.4, 
    "changes": 31879, 
    "shrinks": 30631, 
    "grows": 1248, 
    "counts": 60, 
    "ipi-failures": 0, 
    "percentiles": []
  }, 
  "bully": {
    "log": {
      "progress": [
        0, 
        0, 
        0, 
        0, 
        0, 
        0, 
        7, 
        12, 
        12, 
        12, 
        12, 
        12, 
        18, 
        21, 
        24, 
        24, 
        24, 
        24, 
        27, 
        32, 
        34, 
        36, 
        36, 
        36, 
        39, 
        43, 
        46, 
        48, 
        48, 
        48, 
        53, 
        56, 
        58, 
        60, 
        60, 
        61, 
        65, 
        68, 
        70, 
        72, 
        73, 
        73, 
        77, 
        80, 
        83, 
        85, 
        85, 
        87, 
        88, 
        93, 
        97, 
        97, 
        98, 
        98
      ], 
      "sec": [
        0, 
        1.171924, 
        2.3907247, 
        3.5376154, 
        4.7345588, 
        6.1096075, 
        7.3440153, 
        8.5343663, 
        9.6722213, 
        10.7693512, 
        11.8622566, 
        12.9536456, 
        14.0390411, 
        15.1122819, 
        16.2037882, 
        17.3132033, 
        18.4694925, 
        19.6420941, 
        20.6941605, 
        21.8289747, 
        22.9087739, 
        24.0009027, 
        25.157179, 
        26.3640585, 
        27.5207038, 
        28.7133107, 
        29.8916481, 
        31.0849628, 
        32.4385623, 
        33.8177595, 
        35.0167224, 
        36.1442785, 
        37.2355017, 
        38.2980119, 
        39.4230224, 
        40.5685503, 
        41.7512096, 
        42.9097115, 
        44.0382555, 
        45.12643, 
        46.2514923, 
        47.3765526, 
        48.4078529, 
        49.595406, 
        50.7048298, 
        51.8617581, 
        53.0330445, 
        54.2085322, 
        55.3783423, 
        56.4729054, 
        57.6581518, 
        58.8299721, 
        59.9744918, 
        60.9851061
      ], 
      "rate": [
        0, 
        0.0, 
        0.0, 
        0.0, 
        0.0, 
        0.0, 
        0.95315705565047, 
        1.40607979294256, 
        1.24066640203942, 
        1.1142732535271, 
        1.0116119052761, 
        0.926380138113397, 
        1.28213884921243, 
        1.38959821812218, 
        1.48113513357327, 
        1.38622527467231, 
        1.29944014433531, 
        1.22186564618892, 
        1.30471588832995, 
        1.46594150388566, 
        1.48414752131278, 
        1.49994358337197, 
        1.43100305483377, 
        1.36549537697316, 
        1.41711492131244, 
        1.49756328865274, 
        1.53889139354615, 
        1.54415497643767, 
        1.47972032656947, 
        1.41937256369689, 
        1.51356256004131, 
        1.54934618490171, 
        1.5576532435979, 
        1.5666609576671, 
        1.52195332441076, 
        1.50362779909343, 
        1.55684112203542, 
        1.58472284298625, 
        1.58952708742062, 
        1.59551730549037, 
        1.57832745215012, 
        1.54084660013865, 
        1.59065100778308, 
        1.6130526283019, 
        1.63692493057141, 
        1.63897259009428, 
        1.60277428537975, 
        1.60491340512629, 
        1.58906887322989, 
        1.64680742634502, 
        1.68232933196447, 
        1.64881941189974, 
        1.63402801855838, 
        1.60694973358421
      ]
    }, 
    "progress": 98, 
    "harvested_cores": -7.045454545454545
  }
}