{
  "LatSensitive-0": {
    "latencies": {}, 
    "throughput": [
      0
    ]
  }, 
  "LatSensitive-1": {
    "latencies": {}, 
    "throughput": [
      0
    ]
  }, 
  "IndexServe-0": {
    "p99": 9.2, 
    "dropped": 0.0, 
    "qps": 500
  }, 
  "IndexServe-1": {}, 
  "affinity": {
    "freq": 518.8, 
    "changes": 31128, 
    "shrinks": 29839, 
    "grows": 1289, 
    "counts": 60, 
    "ipi-failures": 0, 
    "percentiles": []
  }, 
  "bully": {
    "log": {
      "progress": [
        0, 
        0, 
        0, 
        0, 
        0, 
        0, 
        4, 
        12, 
        12, 
        12, 
        12, 
        12, 
        15, 
        21, 
        24, 
        24, 
        24, 
        24, 
        28, 
        33, 
        36, 
        36, 
        36, 
        37, 
        39, 
        45, 
        47, 
        48, 
        48, 
        48, 
        52, 
        57, 
        58, 
        60, 
        60, 
        60, 
        63, 
        69, 
        69, 
        70, 
        72, 
        73, 
        78, 
        81, 
        82, 
        82, 
        84, 
        87, 
        92, 
        93, 
        94, 
        96, 
        97, 
        98
      ], 
      "sec": [
        0, 
        1.2032017, 
        2.3751481, 
        3.5472128, 
        4.7546009, 
        5.9378381, 
        7.1197945, 
        8.2973142, 
        9.48486, 
        10.6580898, 
        11.8286926, 
        12.8606696, 
        14.0347214, 
        15.1881824, 
        16.2380592, 
        17.3932367, 
        18.550312, 
        19.7509362, 
        20.938487, 
        22.1104114, 
        23.2823297, 
        24.3484125, 
        25.4730554, 
        26.6574408, 
        27.8322977, 
        29.0053031, 
        30.2054733, 
        31.2721261, 
        32.3966534, 
        33.5525927, 
        34.7087686, 
        35.7675124, 
        36.9101345, 
        38.0841006, 
        39.1264304, 
        40.267447, 
        41.4110404, 
        42.5795901, 
        43.6304535, 
        44.724814, 
        45.9260053, 
        47.0971153, 
        48.1456987, 
        49.2985764, 
        50.4861563, 
        51.6757723, 
        52.8791039, 
        54.0488554, 
        55.2222118, 
        56.4083413, 
        57.5979023, 
        58.7834323, 
        59.9397223, 
        60.9532984
      ], 
      "rate": [
        0, 
        0.0, 
        0.0, 
        0.0, 
        0.0, 
        0.0, 
        0.561813968085736, 
        1.44625112545455, 
        1.26517418285562, 
        1.12590531935657, 
        1.01448236130509, 
        0.933077388132263, 
        1.06877789537026, 
        1.38265392440902, 
        1.47800914532939, 
        1.37984668488988, 
        1.2937787784917, 
        1.21513227307169, 
        1.33725039445305, 
        1.49250954235976, 
        1.54623701596323, 
        1.47853581830027, 
        1.41325802636145, 
        1.38798019950962, 
        1.40124974302786, 
        1.55144043297379, 
        1.55600938721262, 
        1.53491322740605, 
        1.48163451969394, 
        1.43058989298314, 
        1.49818049148537, 
        1.59362494552459, 
        1.57138414112254, 
        1.57546060047956, 
        1.53349026186657, 
        1.49003734952454, 
        1.52133342682209, 
        1.62049469799851, 
        1.58146419449892, 
        1.56512668783821, 
        1.56773922595005, 
        1.5499887739409, 
        1.62008241870213, 
        1.64304947353409, 
        1.6242076246157, 
        1.58681711661617, 
        1.58852918837, 
        1.60965480871219, 
        1.6659962902826, 
        1.64869233621659, 
        1.63200387941906, 
        1.63311321309151, 
        1.61829244911266, 
        1.60778829977149
      ]
    }, 
    "progress": 98, 
    "harvested_cores": -7.045454545454545
  }
}