{
  "LatSensitive-0": {
    "latencies": {}, 
    "throughput": [
      0
    ]
  }, 
  "LatSensitive-1": {
    "latencies": {}, 
    "throughput": [
      0
    ]
  }, 
  "IndexServe-0": {
    "p99": 9.3, 
    "dropped": 0.0, 
    "qps": 500
  }, 
  "IndexServe-1": {}, 
  "affinity": {
    "freq": 536.3, 
    "changes": 32178, 
    "shrinks": 30913, 
    "grows": 1265, 
    "counts": 61, 
    "ipi-failures": 0, 
    "percentiles": []
  }, 
  "bully": {
    "log": {
      "progress": [
        0, 
        0, 
        0, 
        0, 
        0, 
        2, 
        12, 
        12, 
        12, 
        12, 
        17, 
        21, 
        24, 
        24, 
        24, 
        25, 
        33, 
        36, 
        36, 
        36, 
        36, 
        43, 
        48, 
        48, 
        48, 
        48, 
        49, 
        58, 
        60, 
        60, 
        60, 
        61, 
        68, 
        72, 
        72, 
        72, 
        73, 
        81, 
        83, 
        84, 
        84, 
        89, 
        92, 
        96, 
        96, 
        97, 
        100, 
        103, 
        107, 
        108, 
        110, 
        112, 
        114
      ], 
      "sec": [
        0, 
        1.0156663, 
        2.2081871, 
        3.4064331, 
        4.6015935, 
        5.7850437, 
        6.9847412, 
        8.1421712, 
        9.3442172, 
        10.5358297, 
        11.7193059, 
        12.8961891, 
        14.0644756, 
        15.2570152, 
        16.4381965, 
        17.6148256, 
        18.8042664, 
        19.9949854, 
        21.1924984, 
        22.3467248, 
        23.5319273, 
        24.6569257, 
        25.828793, 
        27.000665, 
        28.0787894, 
        29.2037852, 
        30.254339, 
        31.4092351, 
        32.4381502, 
        33.5943981, 
        34.7535143, 
        35.9537712, 
        37.1256437, 
        38.3131463, 
        39.5162682, 
        40.6881428, 
        41.8951919, 
        43.0177804, 
        44.192811, 
        45.3600172, 
        46.422516, 
        47.5480154, 
        48.7193917, 
        49.8175877, 
        50.8909358, 
        51.989462, 
        53.2035586, 
        54.4080242, 
        55.5825118, 
        56.73514, 
        57.9367983, 
        59.1085451, 
        60.1240686
      ], 
      "rate": [
        0, 
        0.0, 
        0.0, 
        0.0, 
        0.0, 
        0.345719082467778, 
        1.71803072675048, 
        1.47380836207423, 
        1.28421672390064, 
        1.13897057390744, 
        1.45059785494634, 
        1.62838803286469, 
        1.70642693567615, 
        1.57304686961313, 
        1.46001418099607, 
        1.41925901327118, 
        1.75492089390948, 
        1.80045142718634, 
        1.69871429599825, 
        1.61097432944626, 
        1.52983644480323, 
        1.74393192903201, 
        1.85839113736364, 
        1.77773399284795, 
        1.70947540922117, 
        1.6436225534216, 
        1.61960239818824, 
        1.8465906544792, 
        1.84967390649791, 
        1.78601205538491, 
        1.72644410812866, 
        1.6966231347659, 
        1.83161807373592, 
        1.87925051720433, 
        1.82203439949322, 
        1.76955729716914, 
        1.74244338525157, 
        1.88294233795475, 
        1.87813352719292, 
        1.8518511496508, 
        1.80946676823807, 
        1.8717921084883, 
        1.88836512094629, 
        1.92703028051276, 
        1.8863870056797, 
        1.86576271937571, 
        1.87957352161026, 
        1.89310311327203, 
        1.92506593413794, 
        1.9035821538468, 
        1.8986206215679, 
        1.89481909613099, 
        1.89607926832816
      ]
    }, 
    "progress": 114, 
    "harvested_cores": -6.318181818181818
  }
}