{
  "LatSensitive-0": {
    "latencies": {}, 
    "throughput": [
      0
    ]
  }, 
  "LatSensitive-1": {
    "latencies": {}, 
    "throughput": [
      0
    ]
  }, 
  "IndexServe-0": {
    "p99": 9.2, 
    "dropped": 0.0, 
    "qps": 500
  }, 
  "IndexServe-1": {}, 
  "affinity": {
    "freq": 103.6, 
    "changes": 6212, 
    "shrinks": 4562, 
    "grows": 1650, 
    "counts": 60, 
    "ipi-failures": 0, 
    "percentiles": []
  }, 
  "bully": {
    "log": {
      "progress": [
        0, 
        0, 
        0, 
        0, 
        0, 
        0, 
        1, 
        7, 
        12, 
        12, 
        12, 
        12, 
        13, 
        14, 
        19, 
        24, 
        24, 
        24, 
        25, 
        25, 
        27, 
        34, 
        36, 
        36, 
        36, 
        36, 
        37, 
        40, 
        43, 
        48, 
        48, 
        48, 
        49, 
        51, 
        53, 
        54, 
        60, 
        61, 
        61, 
        65, 
        68, 
        72, 
        73, 
        74, 
        77, 
        80, 
        83, 
        84, 
        86, 
        90, 
        95, 
        96, 
        97, 
        99
      ], 
      "sec": [
        0, 
        1.0332785, 
        2.3610887, 
        3.546956, 
        4.706361, 
        5.7657038, 
        6.986449, 
        8.1294616, 
        9.3024738, 
        10.4531976, 
        11.6300644, 
        12.6789494, 
        13.8672022, 
        15.0156932, 
        16.0354609, 
        17.2392366, 
        18.3787004, 
        19.593914, 
        20.7878554, 
        21.9583769, 
        23.1411049, 
        24.3130653, 
        25.3467791, 
        26.485092, 
        27.6497333, 
        28.7078301, 
        29.829028, 
        30.9267444, 
        32.0708933, 
        33.1729306, 
        34.2667236, 
        35.3953842, 
        36.4412163, 
        37.5518334, 
        38.7359916, 
        39.8294031, 
        40.9599042, 
        42.0794573, 
        43.1419771, 
        44.2594577, 
        45.3306128, 
        46.5014156, 
        47.6610811, 
        48.7854971, 
        49.8452151, 
        50.9389955, 
        52.0796953, 
        53.2140982, 
        54.4087788, 
        55.8014329, 
        57.0078714, 
        58.2050061, 
        59.3456793, 
        60.3613465
      ], 
      "rate": [
        0, 
        0.0, 
        0.0, 
        0.0, 
        0.0, 
        0.0, 
        0.143134230279216, 
        0.861065633177971, 
        1.2899794461125, 
        1.1479740897656, 
        1.03180855989069, 
        0.946450657812389, 
        0.937463794967957, 
        0.932357888079386, 
        1.18487395644487, 
        1.39217301536427, 
        1.30585947197877, 
        1.22487013059259, 
        1.20262525974661, 
        1.13851766521049, 
        1.16675500658571, 
        1.39842506818752, 
        1.42029880238314, 
        1.35925523687061, 
        1.30200170863854, 
        1.2540132735424, 
        1.24040246970166, 
        1.29337894356575, 
        1.34077961588928, 
        1.44696290414571, 
        1.40077588275758, 
        1.35610902621591, 
        1.34463129870887, 
        1.3581227701122, 
        1.36823656271136, 
        1.35578230646394, 
        1.46484717608299, 
        1.44963846765201, 
        1.41393612672424, 
        1.46861266219265, 
        1.5000900230495, 
        1.54833996064412, 
        1.53164800955386, 
        1.5168442344313, 
        1.54478217910228, 
        1.57050603795279, 
        1.59371132111827, 
        1.57852905228788, 
        1.58062727921399, 
        1.61286180878699, 
        1.66643654055114, 
        1.6493426671078, 
        1.63449135883427, 
        1.64012245816948
      ]
    }, 
    "progress": 99, 
    "harvested_cores": -7.0
  }
}