{
  "LatSensitive-0": {
    "latencies": {}, 
    "throughput": [
      0
    ]
  }, 
  "LatSensitive-1": {
    "latencies": {}, 
    "throughput": [
      0
    ]
  }, 
  "IndexServe-0": {
    "p99": 10.1, 
    "dropped": 0.0, 
    "qps": 500
  }, 
  "IndexServe-1": {}, 
  "affinity": {
    "freq": 523.5, 
    "changes": 31398, 
    "shrinks": 30127, 
    "grows": 1271, 
    "counts": 60, 
    "ipi-failures": 0, 
    "percentiles": []
  }, 
  "bully": {
    "log": {
      "progress": [
        0, 
        0, 
        0, 
        0, 
        0, 
        10, 
        12, 
        12, 
        12, 
        14, 
        24, 
        24, 
        24, 
        24, 
        26, 
        36, 
        36, 
        36, 
        38, 
        40, 
        47, 
        48, 
        48, 
        50, 
        54, 
        60, 
        60, 
        60, 
        63, 
        67, 
        72, 
        72, 
        74, 
        78, 
        82, 
        84, 
        85, 
        88, 
        91, 
        96, 
        97, 
        100, 
        102, 
        107, 
        109, 
        111, 
        113, 
        118, 
        121, 
        122, 
        123, 
        128, 
        130
      ], 
      "sec": [
        0, 
        1.0469362, 
        2.2501143, 
        3.5470478, 
        4.5627109, 
        5.7346262, 
        6.9221644, 
        8.0003228, 
        9.1914069, 
        10.3603208, 
        11.5472908, 
        12.7244563, 
        13.8754639, 
        14.922397, 
        16.0787078, 
        17.2523139, 
        18.4392757, 
        19.5007434, 
        20.676127, 
        21.9860973, 
        23.0350325, 
        24.2040272, 
        25.3759365, 
        26.4072119, 
        27.5675152, 
        28.7353926, 
        29.9151633, 
        30.9696876, 
        32.0985244, 
        33.3132221, 
        34.5006247, 
        35.8449842, 
        37.0171992, 
        38.2191131, 
        39.2346731, 
        40.4543907, 
        41.6407915, 
        42.7969866, 
        43.9844288, 
        45.234375, 
        46.5512879, 
        47.7658669, 
        48.9535414, 
        50.1724502, 
        51.3757258, 
        52.5336893, 
        53.7373598, 
        54.95536, 
        56.1280885, 
        57.2200469, 
        58.2874274, 
        59.4702137, 
        60.4848793
      ], 
      "rate": [
        0, 
        0.0, 
        0.0, 
        0.0, 
        0.0, 
        1.74379282123044, 
        1.73356183219225, 
        1.49993947744209, 
        1.30556726848857, 
        1.35130950771331, 
        2.07840959543515, 
        1.88613166913859, 
        1.72967189947429, 
        1.60832070075605, 
        1.61704536977779, 
        2.08667661675226, 
        1.95235434328909, 
        1.8460834677718, 
        1.83786837834765, 
        1.81933152820169, 
        2.04037046615845, 
        1.98314105348551, 
        1.89155580524092, 
        1.89342215260521, 
        1.95882725041537, 
        2.08801740888691, 
        2.00567181928103, 
        1.93737827694458, 
        1.96270704581049, 
        2.01121343948294, 
        2.08691873338746, 
        2.00864923243571, 
        1.9990707454712, 
        2.04086368503407, 
        2.08998810289565, 
        2.07641243747616, 
        2.04126763536663, 
        2.0562195376625, 
        2.06891398803387, 
        2.12227979274611, 
        2.08372323035127, 
        2.09354517126957, 
        2.08360819427867, 
        2.1326445005869, 
        2.12162452797893, 
        2.11292984519174, 
        2.1028200942615, 
        2.14719728885408, 
        2.15578337395189, 
        2.13211988821351, 
        2.11023209440875, 
        2.15233798630187, 
        2.14929750219407
      ]
    }, 
    "progress": 130, 
    "harvested_cores": -5.64
  }
}