{
  "LatSensitive-0": {
    "latencies": {}, 
    "throughput": [
      0
    ]
  }, 
  "LatSensitive-1": {
    "latencies": {}, 
    "throughput": [
      0
    ]
  }, 
  "IndexServe-0": {
    "p99": 9.1, 
    "dropped": 0.0, 
    "qps": 500
  }, 
  "IndexServe-1": {}, 
  "affinity": {
    "freq": 512.7, 
    "changes": 30754, 
    "shrinks": 29443, 
    "grows": 1311, 
    "counts": 60, 
    "ipi-failures": 0, 
    "percentiles": []
  }, 
  "bully": {
    "log": {
      "progress": [
        0, 
        0, 
        0, 
        0, 
        0, 
        0, 
        0, 
        8, 
        12, 
        12, 
        12, 
        12, 
        12, 
        13, 
        17, 
        23, 
        24, 
        24, 
        24, 
        24, 
        24, 
        27, 
        32, 
        36, 
        36, 
        36, 
        36, 
        36, 
        39, 
        41, 
        46, 
        48, 
        48, 
        48, 
        48, 
        51, 
        54, 
        58, 
        60, 
        60, 
        60, 
        61, 
        64, 
        66, 
        72, 
        72, 
        72, 
        73, 
        75, 
        76, 
        82, 
        84, 
        84, 
        84
      ], 
      "sec": [
        0, 
        1.2500681, 
        2.5313756, 
        3.5815995, 
        4.9288209, 
        6.1096341, 
        7.2971689, 
        8.4722323, 
        9.6734414, 
        10.8485713, 
        11.972934, 
        13.1641395, 
        14.35983, 
        15.4564535, 
        16.5496324, 
        17.6444664, 
        18.707944, 
        19.8286536, 
        20.8970199, 
        22.0075202, 
        23.1152886, 
        24.2091466, 
        25.3808779, 
        26.5217534, 
        27.6916461, 
        28.8287153, 
        29.8509846, 
        31.036562, 
        32.2039356, 
        33.3625837, 
        34.3759494, 
        35.565207, 
        36.6786244, 
        37.7225373, 
        38.851386, 
        40.0346495, 
        41.1887645, 
        42.376307, 
        43.5695934, 
        44.7357557, 
        45.927019, 
        47.0952745, 
        48.2711847, 
        49.4409668, 
        50.4890743, 
        51.6139783, 
        52.787468, 
        53.9706581, 
        55.1426194, 
        56.2207498, 
        57.3182639, 
        58.4083214, 
        59.5646378, 
        60.5714157
      ], 
      "rate": [
        0, 
        0.0, 
        0.0, 
        0.0, 
        0.0, 
        0.0, 
        0.0, 
        0.944261171875563, 
        1.24050991821794, 
        1.10613643660156, 
        1.00226059878055, 
        0.911567368303868, 
        0.835664489064286, 
        0.841072630277056, 
        1.02721314825095, 
        1.30352482634442, 
        1.28287747707605, 
        1.21036962388611, 
        1.14848912021183, 
        1.09053631585443, 
        1.03827386347233, 
        1.11528094922603, 
        1.26079169231573, 
        1.35737631886736, 
        1.30003105882535, 
        1.24875491763589, 
        1.20599037125228, 
        1.15992228778432, 
        1.2110321075167, 
        1.22892160777104, 
        1.33814486008058, 
        1.34963364616435, 
        1.30866412754563, 
        1.27244887103604, 
        1.2354771590388, 
        1.27389650307792, 
        1.31103713975203, 
        1.36868934803592, 
        1.37710718227634, 
        1.34120904098195, 
        1.30642051904131, 
        1.29524672374508, 
        1.32584274443962, 
        1.33492535182382, 
        1.42605110111912, 
        1.39497094336555, 
        1.3639600974989, 
        1.35258680494022, 
        1.36010949091765, 
        1.35181405922836, 
        1.43060857780098, 
        1.43815124260702, 
        1.41023270018105, 
        1.38679274752365
      ]
    }, 
    "progress": 84, 
    "harvested_cores": -7.681818181818182
  }
}