{
  "LatSensitive-0": {
    "latencies": {}, 
    "throughput": [
      0
    ]
  }, 
  "LatSensitive-1": {
    "latencies": {}, 
    "throughput": [
      0
    ]
  }, 
  "IndexServe-0": {
    "p99": 9.7, 
    "dropped": 0.0, 
    "qps": 500
  }, 
  "IndexServe-1": {}, 
  "affinity": {
    "freq": 162.0, 
    "changes": 9718, 
    "shrinks": 9221, 
    "grows": 497, 
    "counts": 60, 
    "ipi-failures": 0, 
    "percentiles": []
  }, 
  "bully": {
    "log": {
      "progress": [
        0, 
        0, 
        0, 
        0, 
        1, 
        6, 
        11, 
        12, 
        12, 
        15, 
        19, 
        23, 
        24, 
        24, 
        27, 
        30, 
        34, 
        35, 
        36, 
        39, 
        43, 
        47, 
        48, 
        48, 
        50, 
        56, 
        59, 
        60, 
        60, 
        61, 
        68, 
        71, 
        72, 
        73, 
        75, 
        81, 
        84, 
        84, 
        88, 
        93, 
        96, 
        96, 
        99, 
        104, 
        106, 
        109, 
        115, 
        117, 
        118, 
        119, 
        125, 
        128, 
        130, 
        130
      ], 
      "sec": [
        0, 
        1.0356015, 
        2.2032479, 
        3.3907972, 
        4.5645628, 
        5.6933674, 
        6.8638169, 
        8.0186391, 
        9.1893414, 
        10.3512841, 
        11.4691987, 
        12.5786027, 
        13.6411269, 
        14.8442856, 
        16.0194107, 
        17.2197146, 
        18.379811, 
        19.5211136, 
        20.6900827, 
        21.8820052, 
        23.0477741, 
        24.1597802, 
        25.266595, 
        26.550152, 
        27.7354151, 
        28.9073191, 
        30.0798487, 
        31.2667455, 
        32.4276655, 
        33.454288, 
        34.641809, 
        35.8293669, 
        36.9230956, 
        38.1136217, 
        39.2981288, 
        40.4543947, 
        41.5950316, 
        42.7044206, 
        43.7995471, 
        44.9862146, 
        46.1284364, 
        47.2357522, 
        48.3920864, 
        49.5640384, 
        50.7522514, 
        51.9264941, 
        53.0954913, 
        54.2830504, 
        55.39248, 
        56.551292, 
        57.6113198, 
        58.7832388, 
        59.9395295, 
        60.9441682
      ], 
      "rate": [
        0, 
        0.0, 
        0.0, 
        0.0, 
        0.219079032059763, 
        1.05385786274745, 
        1.60260685275564, 
        1.49651329238649, 
        1.30586072251054, 
        1.4490955764609, 
        1.65661093656002, 
        1.82850198456463, 
        1.75938543611085, 
        1.61678376762032, 
        1.68545525835105, 
        1.74218915335565, 
        1.84985580101993, 
        1.79293050166974, 
        1.73996404567295, 
        1.7822863875382, 
        1.8656899279484, 
        1.94538193687706, 
        1.8997415362062, 
        1.80789925421143, 
        1.80274929434894, 
        1.9372256488496, 
        1.96144603612983, 
        1.91897170749671, 
        1.85027195374271, 
        1.82338359734334, 
        1.96294598818439, 
        1.98161469607212, 
        1.9499990136255, 
        1.91532572198459, 
        1.90848781583718, 
        2.00225465244694, 
        2.01947196020402, 
        1.96700947629764, 
        2.00915319510233, 
        2.06729996793284, 
        2.08114576370076, 
        2.03235887074537, 
        2.04578904041633, 
        2.09829552549132, 
        2.08857729610001, 
        2.09912111127872, 
        2.16590895355365, 
        2.15536892525111, 
        2.13025305962109, 
        2.10428437249497, 
        2.169712487649, 
        2.17749145186604, 
        2.16885252661184, 
        2.13309991488242
      ]
    }, 
    "progress": 130, 
    "harvested_cores": -5.64
  }
}