{
  "LatSensitive-0": {
    "latencies": {}, 
    "throughput": [
      0
    ]
  }, 
  "LatSensitive-1": {
    "latencies": {}, 
    "throughput": [
      0
    ]
  }, 
  "IndexServe-0": {
    "p99": 12.7, 
    "dropped": 0.0, 
    "qps": 500
  }, 
  "IndexServe-1": {}, 
  "affinity": {
    "freq": 532.7, 
    "changes": 31951, 
    "shrinks": 30723, 
    "grows": 1228, 
    "counts": 60, 
    "ipi-failures": 0, 
    "percentiles": []
  }, 
  "bully": {
    "log": {
      "progress": [
        0, 
        0, 
        0, 
        0, 
        3, 
        12, 
        12, 
        12, 
        12, 
        24, 
        24, 
        24, 
        24, 
        32, 
        36, 
        36, 
        36, 
        44, 
        48, 
        48, 
        48, 
        56, 
        58, 
        60, 
        60, 
        66, 
        69, 
        72, 
        72, 
        78, 
        81, 
        84, 
        84, 
        89, 
        93, 
        96, 
        96, 
        104, 
        105, 
        107, 
        109, 
        116, 
        117, 
        119, 
        122, 
        127, 
        129, 
        132, 
        135, 
        140, 
        141, 
        143, 
        147, 
        147
      ], 
      "sec": [
        0, 
        1.0156864, 
        2.2188719, 
        3.3907991, 
        4.5973133, 
        5.7815233, 
        6.9690653, 
        8.1133539, 
        9.1566371, 
        10.3008824, 
        11.3754512, 
        12.550145, 
        13.7216638, 
        14.9404533, 
        16.0318227, 
        17.2506351, 
        18.4538173, 
        19.5319899, 
        20.6570378, 
        21.8289558, 
        22.9071194, 
        24.0634085, 
        25.2665705, 
        26.422854, 
        27.6112149, 
        28.8297771, 
        29.9932051, 
        31.1885943, 
        32.3917437, 
        33.5948913, 
        34.7980372, 
        35.8918058, 
        37.0168267, 
        38.2087235, 
        39.4091824, 
        40.5793703, 
        41.7825091, 
        43.0012725, 
        44.2044095, 
        45.4104749, 
        46.5794316, 
        47.7669522, 
        48.8920289, 
        49.9724421, 
        51.0952902, 
        52.2066814, 
        53.4079147, 
        54.6267235, 
        55.7048966, 
        56.9080716, 
        58.001864, 
        59.2050325, 
        60.220692, 
        61.2391429
      ], 
      "rate": [
        0, 
        0.0, 
        0.0, 
        0.0, 
        0.652555047749302, 
        2.07557755583204, 
        1.72189518729291, 
        1.47904308722438, 
        1.31052479954677, 
        2.32989748528728, 
        2.10980642244767, 
        1.91232850297746, 
        1.74905903174803, 
        2.14183595085432, 
        2.24553381569021, 
        2.08687968827304, 
        1.95081588891638, 
        2.25271466068084, 
        2.32366326986147, 
        2.19891415969609, 
        2.09541842262367, 
        2.32718486244374, 
        2.29552324879231, 
        2.27076151576964, 
        2.17303006105682, 
        2.28929969770734, 
        2.30052106035177, 
        2.30853623306774, 
        2.22278864227985, 
        2.32178158588059, 
        2.32771749551437, 
        2.34036705949189, 
        2.26923827590008, 
        2.32931100145233, 
        2.35985611312758, 
        2.36573409814592, 
        2.29761213646214, 
        2.41853307945713, 
        2.37532864227041, 
        2.35628454086042, 
        2.34008866694715, 
        2.4284572210994, 
        2.39302811996824, 
        2.38131247942353, 
        2.3876956079995, 
        2.43263882312198, 
        2.41537234180761, 
        2.41639973153433, 
        2.42348533503965, 
        2.46010796120528, 
        2.43095635685088, 
        2.41533521664734, 
        2.44102143495794, 
        2.40042549648421
      ]
    }, 
    "progress": 147, 
    "harvested_cores": -4.954545454545454
  }
}