{
  "LatSensitive-0": {
    "latencies": {}, 
    "throughput": [
      0
    ]
  }, 
  "LatSensitive-1": {
    "latencies": {}, 
    "throughput": [
      0
    ]
  }, 
  "IndexServe-0": {
    "p99": 9.3, 
    "dropped": 0.0, 
    "qps": 500
  }, 
  "IndexServe-1": {}, 
  "affinity": {
    "freq": 519.9, 
    "changes": 31184, 
    "shrinks": 29892, 
    "grows": 1292, 
    "counts": 60, 
    "ipi-failures": 0, 
    "percentiles": []
  }, 
  "bully": {
    "log": {
      "progress": [
        0, 
        0, 
        0, 
        0, 
        0, 
        0, 
        12, 
        12, 
        12, 
        12, 
        14, 
        20, 
        24, 
        24, 
        24, 
        25, 
        30, 
        34, 
        36, 
        36, 
        36, 
        37, 
        44, 
        47, 
        48, 
        48, 
        48, 
        53, 
        57, 
        59, 
        60, 
        60, 
        63, 
        68, 
        70, 
        72, 
        72, 
        75, 
        80, 
        82, 
        83, 
        85, 
        88, 
        92, 
        94, 
        94, 
        97, 
        98, 
        105, 
        106, 
        106, 
        108, 
        111, 
        114
      ], 
      "sec": [
        0, 
        1.1751323, 
        2.359522, 
        3.5361626, 
        4.7346372, 
        6.1097001, 
        7.3021429, 
        8.3470165, 
        9.5320983, 
        10.6723684, 
        11.8304505, 
        12.8911872, 
        14.037843, 
        15.1724957, 
        16.3140229, 
        17.4862179, 
        18.548605, 
        19.6417486, 
        20.783231, 
        21.9072248, 
        23.0513542, 
        24.0985683, 
        25.1886003, 
        26.3292626, 
        27.4074227, 
        28.5531394, 
        29.661367, 
        30.8606409, 
        32.0637983, 
        33.2380373, 
        34.313843, 
        35.4857422, 
        36.6434762, 
        37.782658, 
        38.8171308, 
        39.9730102, 
        41.1264583, 
        42.3139729, 
        43.5171128, 
        44.564003, 
        45.7388091, 
        46.8921498, 
        47.9428656, 
        49.0641786, 
        50.2254479, 
        51.439343, 
        52.5043841, 
        53.5994107, 
        54.6582803, 
        55.8302161, 
        56.9904178, 
        58.0021893, 
        59.1272375, 
        60.1429032
      ], 
      "rate": [
        0, 
        0.0, 
        0.0, 
        0.0, 
        0.0, 
        0.0, 
        1.64335321347929, 
        1.43763942481724, 
        1.25890434847908, 
        1.1243989665874, 
        1.18338688792958, 
        1.55144748809481, 
        1.70966436937641, 
        1.58180964256263, 
        1.47112702655333, 
        1.42969738470433, 
        1.61737230373928, 
        1.73100678011936, 
        1.73216570609257, 
        1.64329349466483, 
        1.56173037330709, 
        1.53536092017549, 
        1.74682195421553, 
        1.78508607377405, 
        1.75135037414518, 
        1.68107609210916, 
        1.61826661596547, 
        1.71739790407269, 
        1.7777057935148, 
        1.77507472741178, 
        1.74856544048418, 
        1.69081992598143, 
        1.71926919968363, 
        1.79976750179937, 
        1.80332751435611, 
        1.8012153610588, 
        1.75069779835625, 
        1.77246414977971, 
        1.8383572542524, 
        1.84005014091755, 
        1.81465153188696, 
        1.8126701454835, 
        1.83551815058798, 
        1.87509508209723, 
        1.87156120911368, 
        1.8273950349638, 
        1.84746477199415, 
        1.82837831088318, 
        1.92102641033878, 
        1.8986134642599, 
        1.85996179870083, 
        1.8619986814877, 
        1.87730739153846, 
        1.8954854843123
      ]
    }, 
    "progress": 114, 
    "harvested_cores": -6.318181818181818
  }
}