{
  "LatSensitive-0": {
    "latencies": {}, 
    "throughput": [
      0
    ]
  }, 
  "LatSensitive-1": {
    "latencies": {}, 
    "throughput": [
      0
    ]
  }, 
  "IndexServe-0": {
    "p99": 9.7, 
    "dropped": 0.0, 
    "qps": 500
  }, 
  "IndexServe-1": {}, 
  "affinity": {
    "freq": 159.6, 
    "changes": 9574, 
    "shrinks": 9041, 
    "grows": 533, 
    "counts": 60, 
    "ipi-failures": 0, 
    "percentiles": []
  }, 
  "bully": {
    "log": {
      "progress": [
        0, 
        0, 
        0, 
        0, 
        1, 
        7, 
        11, 
        12, 
        12, 
        17, 
        21, 
        24, 
        24, 
        25, 
        28, 
        30, 
        36, 
        36, 
        37, 
        40, 
        42, 
        47, 
        48, 
        50, 
        55, 
        56, 
        57, 
        59, 
        63, 
        66, 
        69, 
        69, 
        71, 
        76, 
        78, 
        81, 
        83, 
        86, 
        92, 
        93, 
        95, 
        98, 
        103, 
        104, 
        108, 
        111, 
        114, 
        116, 
        119, 
        124, 
        126, 
        128, 
        131, 
        131
      ], 
      "sec": [
        0, 
        1.0312744, 
        2.3750723, 
        3.5630854, 
        4.7658298, 
        5.9442757, 
        7.0471875, 
        8.0792053, 
        9.3476494, 
        10.4391774, 
        11.5942364, 
        12.7817733, 
        13.8130582, 
        14.9849624, 
        16.1412421, 
        17.3168763, 
        18.4069203, 
        19.5006979, 
        20.6617166, 
        22.0476185, 
        23.2083824, 
        24.3914056, 
        25.4226751, 
        26.564157, 
        27.7508297, 
        28.8968099, 
        30.07963, 
        31.2519817, 
        32.4227553, 
        33.5190922, 
        34.690576, 
        35.8463097, 
        37.0349573, 
        38.1417941, 
        39.3386872, 
        40.516922, 
        41.6263508, 
        42.8139044, 
        44.001454, 
        45.0991933, 
        46.2235566, 
        47.3479647, 
        48.4547361, 
        49.6266464, 
        50.7829563, 
        52.0017818, 
        53.1893499, 
        54.3612871, 
        55.3925885, 
        56.5488923, 
        57.6114385, 
        58.7989868, 
        59.95853, 
        60.9753229
      ], 
      "rate": [
        0, 
        0.0, 
        0.0, 
        0.0, 
        0.209827048376759, 
        1.17760352199007, 
        1.56090638996053, 
        1.4852945994577, 
        1.28374519480801, 
        1.62848080347787, 
        1.81124476640825, 
        1.87767373405066, 
        1.73748634462425, 
        1.66833918782472, 
        1.73468682438014, 
        1.73241406130504, 
        1.9557861615775, 
        1.84608777514573, 
        1.79075150028919, 
        1.81425490467372, 
        1.8096909675187, 
        1.92690822213214, 
        1.88807825341716, 
        1.88223552511002, 
        1.98192272427804, 
        1.93793017962166, 
        1.89497011765105, 
        1.8878802812047, 
        1.9430797727422, 
        1.9690270728752, 
        1.98901280855066, 
        1.92488433474646, 
        1.91710765115422, 
        1.99256489615416, 
        1.98278096072306, 
        1.99916469469226, 
        1.99392928769533, 
        2.00869323191183, 
        2.09083999815097, 
        2.0621211421979, 
        2.05522912964253, 
        2.06978273767278, 
        2.12569520113432, 
        2.09564835716967, 
        2.12669777163012, 
        2.13454224370443, 
        2.14328620700062, 
        2.13387147707914, 
        2.14830184366632, 
        2.19279273132641, 
        2.18706568140978, 
        2.17690825924232, 
        2.18484342428008, 
        2.14841010706644
      ]
    }, 
    "progress": 131, 
    "harvested_cores": -5.6
  }
}