{
  "LatSensitive-0": {
    "latencies": {}, 
    "throughput": [
      0
    ]
  }, 
  "LatSensitive-1": {
    "latencies": {}, 
    "throughput": [
      0
    ]
  }, 
  "IndexServe-0": {
    "p99": 9.9, 
    "dropped": 0.0, 
    "qps": 500
  }, 
  "IndexServe-1": {}, 
  "affinity": {
    "freq": 541.9, 
    "changes": 32510, 
    "shrinks": 31294, 
    "grows": 1216, 
    "counts": 60, 
    "ipi-failures": 0, 
    "percentiles": []
  }, 
  "bully": {
    "log": {
      "progress": [
        0, 
        0, 
        0, 
        0, 
        0, 
        10, 
        12, 
        12, 
        12, 
        16, 
        24, 
        24, 
        24, 
        24, 
        31, 
        36, 
        36, 
        36, 
        40, 
        47, 
        48, 
        48, 
        53, 
        59, 
        60, 
        60, 
        65, 
        69, 
        72, 
        72, 
        74, 
        78, 
        83, 
        84, 
        85, 
        88, 
        95, 
        95, 
        97, 
        101, 
        104, 
        107, 
        108, 
        112, 
        113, 
        116, 
        119, 
        122, 
        125, 
        127, 
        130
      ], 
      "sec": [
        0, 
        1.1609336, 
        2.3595433, 
        3.5488185, 
        4.7190647, 
        5.9224375, 
        7.1098107, 
        8.2661159, 
        9.4692916, 
        10.6438481, 
        12.0340501, 
        13.2362636, 
        14.4280141, 
        15.6101233, 
        16.8010459, 
        17.9696501, 
        19.3631716, 
        20.5322928, 
        21.7382525, 
        23.0818587, 
        24.4417211, 
        25.6418889, 
        27.0481851, 
        28.4441628, 
        29.8018986, 
        31.191189, 
        32.4077067, 
        33.5964012, 
        34.7671312, 
        35.9592101, 
        37.1265485, 
        38.3164695, 
        39.5015834, 
        40.6891013, 
        42.0016135, 
        43.2203763, 
        44.6422651, 
        45.8156694, 
        47.0016606, 
        48.1751382, 
        49.3007329, 
        50.3638962, 
        51.4863469, 
        52.5645968, 
        53.7521234, 
        54.8928114, 
        56.0491241, 
        57.252417, 
        58.4247806, 
        59.5492868, 
        60.5582251
      ], 
      "rate": [
        0, 
        0.0, 
        0.0, 
        0.0, 
        0.0, 
        1.6884939689106, 
        1.68780865009528, 
        1.45170962337946, 
        1.26725424740326, 
        1.50321574017953, 
        1.99434104067757, 
        1.81320051679841, 
        1.66343058952237, 
        1.53746383284493, 
        1.84512322533444, 
        2.00337790661823, 
        1.85919955385821, 
        1.75333560409776, 
        1.84007431140107, 
        2.03623116365408, 
        1.96385515584662, 
        1.87193697731059, 
        1.95946603456215, 
        2.07423928820995, 
        2.0132945489587, 
        1.92362016080887, 
        2.00569576248356, 
        2.05379140430077, 
        2.07092151451369, 
        2.0022686760853, 
        1.9931828567366, 
        2.0356781566214, 
        2.10118159465982, 
        2.06443488099355, 
        2.02373177878036, 
        2.0360766734, 
        2.12802822139955, 
        2.07352639924541, 
        2.06375687075192, 
        2.09651707859553, 
        2.1095021084362, 
        2.12453777553453, 
        2.09764348225685, 
        2.13071167322261, 
        2.10224253205967, 
        2.11320930813174, 
        2.12313754961962, 
        2.13091440314214, 
        2.13950311351276, 
        2.1326871709906, 
        2.14669435547905
      ]
    }, 
    "progress": 130, 
    "harvested_cores": -5.64
  }
}