{
  "LatSensitive-0": {
    "latencies": {}, 
    "throughput": [
      0
    ]
  }, 
  "LatSensitive-1": {
    "latencies": {}, 
    "throughput": [
      0
    ]
  }, 
  "IndexServe-0": {
    "p99": 9.1, 
    "dropped": 0.0, 
    "qps": 500
  }, 
  "IndexServe-1": {}, 
  "affinity": {
    "freq": 103.2, 
    "changes": 6186, 
    "shrinks": 4524, 
    "grows": 1662, 
    "counts": 60, 
    "ipi-failures": 0, 
    "percentiles": []
  }, 
  "bully": {
    "log": {
      "progress": [
        0, 
        0, 
        0, 
        0, 
        0, 
        0, 
        0, 
        6, 
        12, 
        12, 
        12, 
        12, 
        12, 
        13, 
        19, 
        24, 
        24, 
        24, 
        24, 
        25, 
        27, 
        32, 
        36, 
        36, 
        36, 
        36, 
        37, 
        42, 
        45, 
        48, 
        48, 
        48, 
        49, 
        50, 
        54, 
        59, 
        60, 
        60, 
        61, 
        66, 
        70, 
        72, 
        72, 
        74, 
        78, 
        82, 
        84, 
        84, 
        85, 
        91, 
        94, 
        96, 
        96, 
        97, 
        97
      ], 
      "sec": [
        0, 
        1.0313299, 
        2.1582466, 
        3.3361846, 
        4.5049471, 
        5.5472025, 
        6.6749761, 
        7.7660549, 
        8.8491469, 
        9.9067623, 
        11.0474264, 
        12.2037158, 
        13.4113364, 
        14.5968345, 
        15.7839314, 
        16.9738104, 
        18.1437733, 
        19.3354397, 
        20.5166905, 
        21.7284675, 
        22.9056379, 
        24.0666985, 
        25.2502439, 
        26.4520784, 
        27.6275345, 
        28.6549814, 
        29.8173966, 
        30.8952481, 
        32.0042177, 
        33.1233668, 
        34.1701708, 
        35.2950979, 
        36.4544997, 
        37.5449727, 
        38.6232905, 
        39.8156791, 
        40.8885613, 
        42.0015681, 
        43.1697227, 
        44.3103064, 
        45.3415241, 
        46.4713629, 
        47.5142853, 
        48.7166809, 
        49.8418506, 
        50.935758, 
        52.1234144, 
        53.3110564, 
        54.4221937, 
        55.5613762, 
        56.6707839, 
        57.7958876, 
        58.8897323, 
        59.9679401, 
        60.9783584
      ], 
      "rate": [
        0, 
        0.0, 
        0.0, 
        0.0, 
        0.0, 
        0.0, 
        0.0, 
        0.772593044635829, 
        1.35606292172639, 
        1.21129382502697, 
        1.08622583808298, 
        0.983307067835847, 
        0.894765416517328, 
        0.890604055283356, 
        1.20375586528461, 
        1.41394297652812, 
        1.32276785005906, 
        1.24124407680266, 
        1.16977930724256, 
        1.15056434605892, 
        1.17874909740016, 
        1.3296381304648, 
        1.42572880256416, 
        1.3609516596624, 
        1.30304787059446, 
        1.25632606413069, 
        1.2408863354623, 
        1.35943235879048, 
        1.40606467628171, 
        1.44912805180179, 
        1.40473397926357, 
        1.35996222863572, 
        1.34414133792104, 
        1.33173621937405, 
        1.39812013168583, 
        1.48182829813896, 
        1.4674030607186, 
        1.42851809382803, 
        1.41302737624488, 
        1.48949545517022, 
        1.54383870832432, 
        1.54934126108877, 
        1.51533374742774, 
        1.51898689797646, 
        1.56494991781064, 
        1.60987100653337, 
        1.61155981370246, 
        1.57565814058789, 
        1.56186280304243, 
        1.63782840209779, 
        1.65870301292938, 
        1.66101783338647, 
        1.63016533189437, 
        1.61753096468291, 
        1.59072829353176
      ]
    }, 
    "progress": 97, 
    "harvested_cores": -7.090909090909091
  }
}