{
  "LatSensitive-0": {
    "latencies": {}, 
    "throughput": [
      0
    ]
  }, 
  "LatSensitive-1": {
    "latencies": {}, 
    "throughput": [
      0
    ]
  }, 
  "IndexServe-0": {
    "p99": 9.3, 
    "dropped": 0.0, 
    "qps": 500
  }, 
  "IndexServe-1": {}, 
  "affinity": {
    "freq": 532.2, 
    "changes": 31932, 
    "shrinks": 30690, 
    "grows": 1242, 
    "counts": 60, 
    "ipi-failures": 0, 
    "percentiles": []
  }, 
  "bully": {
    "log": {
      "progress": [
        0, 
        0, 
        0, 
        0, 
        0, 
        2, 
        11, 
        12, 
        12, 
        12, 
        13, 
        21, 
        24, 
        24, 
        24, 
        25, 
        34, 
        36, 
        36, 
        36, 
        36, 
        37, 
        46, 
        48, 
        48, 
        48, 
        49, 
        54, 
        59, 
        60, 
        60, 
        61, 
        67, 
        71, 
        72, 
        72, 
        73, 
        77, 
        81, 
        84, 
        84, 
        86, 
        87, 
        93, 
        95, 
        97, 
        98, 
        100, 
        106, 
        108, 
        109, 
        109, 
        114, 
        116
      ], 
      "sec": [
        0, 
        1.0316336, 
        2.176915, 
        3.3596011, 
        4.5170767, 
        5.6802448, 
        6.7347784, 
        7.8442024, 
        8.9267186, 
        10.0801455, 
        11.1880858, 
        12.3756276, 
        13.5652074, 
        14.7038236, 
        15.9069936, 
        17.2195719, 
        18.4227663, 
        19.5497938, 
        20.6572528, 
        21.7979254, 
        22.9073497, 
        23.9855143, 
        25.081958, 
        26.1622773, 
        27.2839358, 
        28.4090169, 
        29.4724452, 
        30.5638957, 
        31.6888735, 
        32.7998472, 
        33.9899865, 
        35.1460647, 
        36.4735336, 
        37.6766044, 
        38.7202604, 
        39.8921957, 
        41.0640433, 
        42.220309, 
        43.2515736, 
        44.3782357, 
        45.4703492, 
        46.5797342, 
        47.7215813, 
        48.7829561, 
        49.9549124, 
        51.0956134, 
        52.2519341, 
        53.4441001, 
        54.6426882, 
        55.8489406, 
        57.0355718, 
        58.20535, 
        59.3772712, 
        60.3837165
      ], 
      "rate": [
        0, 
        0.0, 
        0.0, 
        0.0, 
        0.0, 
        0.35209750114995, 
        1.63331283476231, 
        1.52979224503437, 
        1.34427896046818, 
        1.19045900676731, 
        1.16195033112814, 
        1.69688363925883, 
        1.76923207233824, 
        1.63222850415589, 
        1.5087703310574, 
        1.45183632584966, 
        1.84554259910467, 
        1.84145164743374, 
        1.74272931393859, 
        1.65153331518421, 
        1.57154801718507, 
        1.54259773366627, 
        1.83398760176538, 
        1.83470266940409, 
        1.75927697352227, 
        1.68960440162222, 
        1.66256989087556, 
        1.76679048148957, 
        1.86185223655868, 
        1.82927681443589, 
        1.76522576730061, 
        1.73561394485227, 
        1.83694842223897, 
        1.8844585686708, 
        1.85949162676602, 
        1.80486430332036, 
        1.77771096398586, 
        1.82376685116161, 
        1.8727642316348, 
        1.89281972739624, 
        1.84735770623904, 
        1.84629649518266, 
        1.82307454258646, 
        1.90640353588576, 
        1.90171487519213, 
        1.89840171289538, 
        1.87552866105295, 
        1.87111392675503, 
        1.93987527868367, 
        1.93378780044397, 
        1.91108805540194, 
        1.87268008868601, 
        1.91992655937345, 
        1.92104770497192
      ]
    }, 
    "progress": 116, 
    "harvested_cores": -6.2272727272727275
  }
}