{
  "LatSensitive-0": {
    "latencies": {}, 
    "throughput": [
      0
    ]
  }, 
  "LatSensitive-1": {
    "latencies": {}, 
    "throughput": [
      0
    ]
  }, 
  "IndexServe-0": {
    "p99": 9.3, 
    "dropped": 0.0, 
    "qps": 500
  }, 
  "IndexServe-1": {}, 
  "affinity": {
    "freq": 543.6, 
    "changes": 32614, 
    "shrinks": 31384, 
    "grows": 1230, 
    "counts": 61, 
    "ipi-failures": 0, 
    "percentiles": []
  }, 
  "bully": {
    "log": {
      "progress": [
        0, 
        0, 
        0, 
        0, 
        0, 
        0, 
        0, 
        3, 
        11, 
        12, 
        12, 
        12, 
        12, 
        12, 
        12, 
        16, 
        24, 
        24, 
        24, 
        24, 
        24, 
        24, 
        27, 
        35, 
        36, 
        36, 
        36, 
        36, 
        36, 
        37, 
        41, 
        48, 
        48, 
        48, 
        48, 
        48, 
        51, 
        54, 
        57, 
        60, 
        60, 
        60, 
        61, 
        66, 
        68, 
        70, 
        71, 
        72, 
        73, 
        76, 
        77, 
        81, 
        82, 
        82, 
        82
      ], 
      "sec": [
        0, 
        1.0625334, 
        2.3291889, 
        3.5068217, 
        4.6886682, 
        5.7189261, 
        6.879521, 
        8.035289, 
        9.0995723, 
        10.1773279, 
        11.3622599, 
        12.4371194, 
        13.5183613, 
        14.6244029, 
        15.7500122, 
        16.7853671, 
        17.9522506, 
        19.0927969, 
        20.2813194, 
        21.4834088, 
        22.6550742, 
        23.7236328, 
        24.7983106, 
        25.8577698, 
        26.9669705, 
        28.1003303, 
        29.2688274, 
        30.4525758, 
        31.5913592, 
        32.7787294, 
        33.9192414, 
        35.0441359, 
        36.2364221, 
        37.2516056, 
        38.3298419, 
        39.5437822, 
        40.6124877, 
        41.7798709, 
        42.8725159, 
        43.9508302, 
        45.0760176, 
        46.2535312, 
        47.4357402, 
        48.6104172, 
        49.7686267, 
        50.9256931, 
        52.0792087, 
        53.2977768, 
        54.4990222, 
        55.6866229, 
        56.8587461, 
        57.9734938, 
        59.0663775, 
        60.1158416, 
        61.1346347
      ], 
      "rate": [
        0, 
        0.0, 
        0.0, 
        0.0, 
        0.0, 
        0.0, 
        0.0, 
        0.373353092838354, 
        1.20884802464837, 
        1.17909141946778, 
        1.05612792750851, 
        0.964853646094288, 
        0.887681556491614, 
        0.82054632124502, 
        0.761904171731372, 
        0.953211205014396, 
        1.33687973361958, 
        1.2570185565636, 
        1.18335496456902, 
        1.11714114940642, 
        1.05936532311159, 
        1.01164944687561, 
        1.08878384642864, 
        1.35355834129206, 
        1.33496641752918, 
        1.2811237311328, 
        1.22997752892554, 
        1.18216600909011, 
        1.13955210891971, 
        1.12878078794598, 
        1.20875344812399, 
        1.36970134281439, 
        1.32463408963326, 
        1.28853506384165, 
        1.25228797252096, 
        1.21384443595282, 
        1.25577138678949, 
        1.29248843609998, 
        1.32952309430481, 
        1.36516192588326, 
        1.33108475847254, 
        1.29719825585987, 
        1.28595020848858, 
        1.35773366701325, 
        1.36632261142942, 
        1.37455173879607, 
        1.36330796439309, 
        1.3509006251833, 
        1.33947357316073, 
        1.36478019391619, 
        1.35423317047085, 
        1.39719024489775, 
        1.38826864742128, 
        1.36403313698265, 
        1.3413018725374
      ]
    }, 
    "progress": 82, 
    "harvested_cores": -7.7727272727272725
  }
}